,title,rank_in_sale,suggested_price(€)
0,LEGO® Star Wars™:The Skywalker Saga Deluxe Edition PS4 & PS5,1,70.1883
1,WWE 2K22 for PS4™,2,70.1883
2,WWE 2K22 for PS5™,3,76.03829999999999
3,Call of Duty®: Vanguard - Cross-Gen Bundle,4,81.88829999999999
4,God of War™,5,18.708299999999998
5,STAR WARS Jedi: Fallen Order™,6,52.6383
6,Grand Theft Auto V: Premium Edition,7,35.0883
7,The Quarry for PS4™,8,70.1883
8,The Quarry for PS5™,9,76.03829999999999
9,Red Dead Redemption 2,10,64.3383
10,It Takes Two PS4™ & PS5™,11,40.9383
11,FAR CRY®6 Standard Edition PS4 & PS5,12,70.1883
12,Ratchet & Clank: Rift Apart,13,81.88829999999999
13,Sifu,14,38.5983
14,Ghostwire: Tokyo,15,70.1883
15,TEKKEN 7,16,46.7883
16,Batman: Arkham Collection,17,58.488299999999995
17,UFC® 4,18,64.3383
18,Kena: Bridge of Spirits PS4 & PS5,19,38.5983
19,Rust Console Edition,20,52.6383
20,Need for Speed™ Heat Deluxe Edition,21,81.88829999999999
21,Call of Duty®: Black Ops Cold War - Cross-Gen Bundle PS4™ & PS5™,22,76.03829999999999
22,UNCHARTED: Legacy of Thieves Collection,23,52.6383
23,Tom Clancy's Ghost Recon® Breakpoint,24,70.1883
24,Assassin's Creed® Origins,25,58.488299999999995
25,Call of Duty®: Vanguard - Ultimate Edition,26,116.98829999999998
26,WWE 2K22 nWo 4-Life Edition,27,122.83829999999999
27,No Man's Sky PS4 & PS5,28,46.7883
28,Grand Theft Auto: The Trilogy – The Definitive Edition (PS5 & PS4),29,64.3383
29,HITMAN 3 - Standard Edition,30,64.3383
30,NARUTO SHIPPUDEN: Ultimate Ninja STORM 4,31,18.708299999999998
31,Green Hell,32,23.388299999999997
32,Assassin's Creed® Origins - GOLD EDITION,33,87.7383
33,GTA Online: Megalodon Shark Cash Card (PS4™),34,76.03829999999999
34,Battlefield™ 2042 PS4™,35,70.1883
35,Battlefield™ 2042 PS5™,36,81.88829999999999
36,Destiny 2: The Witch Queen,37,40.9383
37,FAR CRY®6 Gold Edition PS4 & PS5,38,99.43829999999998
38,Jurassic World Evolution 2: Deluxe Edition,39,70.1883
39,ARK: Survival Evolved,40,29.238299999999995
40,Mortal Kombat 11,41,46.7883
41,Sackboy: A Big Adventure PS4 & PS5,42,70.1883
42,Jurassic World Evolution 2,43,58.488299999999995
43,The Crew 2 Special Edition,44,56.1483
44,STAR WARS™ Battlefront™ II,45,21.048299999999998
45,"Black Desert - 11,500 Pearls",46,86.5683
46,Far Cry®5,47,58.488299999999995
47,Crash Bandicoot™ N. Sane Trilogy,48,40.9383
48,Dead by Daylight PS4™ & PS5™,49,29.238299999999995
49,Dying Light Definitive Edition,50,56.1483
50,Sonic Origins Digital Deluxe PS4 & PS5,51,43.2783
51,Destiny 2: Legacy Collection,52,58.488299999999995
52,Devil May Cry 5 Special Edition,53,40.9383
53,DOOM Eternal Standard Edition,54,40.9383
54,ONE PIECE: PIRATE WARRIORS 4,55,58.488299999999995
55,Tales of Arise PS4 & PS5,56,58.488299999999995
56,Tiny Tina's Wonderlands: Next-Level Edition,57,76.03829999999999
57,Mafia: Trilogy,58,58.488299999999995
58,Biomutant,59,64.3383
59,GTA+: Megalodon Shark Cash Card (PS5™),60,
60,Sid Meier’s Civilization VI,61,29.238299999999995
61,Destiny 2: The Witch Queen Deluxe + Bungie 30th Anniversary Bundle,62,102.94829999999999
62,The Ascent PS4 & PS5,63,29.238299999999995
63,GTA Online: Megalodon Shark Cash Card (PS5™),64,76.03829999999999
64,Ratchet & Clank: Rift Apart Digital Deluxe Edition,65,93.58829999999999
65,NARUTO SHIPPUDEN: Ultimate Ninja STORM Legacy,66,56.1483
66,Red Dead Online,67,21.048299999999998
67,SnowRunner - Premium Edition,68,58.488299999999995
68,SnowRunner - Premium Edition,69,58.488299999999995
69,DRAGON BALL FIGHTERZ,70,56.1483
70,Borderlands 3 PS4™ &  PS5™,71,70.1883
71,Uncharted™: The Nathan Drake Collection,72,18.708299999999998
72,The Outer Worlds,73,58.488299999999995
73,Insurgency: Sandstorm - Gold Edition,74,81.88829999999999
74,Olympic Games Tokyo 2020 – The Official Video Game™,75,40.9383
75,Destiny 2: The Witch Queen Deluxe Edition,76,81.88829999999999
76,Kena: Bridge of Spirits Digital Deluxe PS4 & PS5,77,46.7883
77,Control: Ultimate Edition,78,38.5983
78,Control: Ultimate Edition,79,38.5983
79,UNCHARTED 4: A Thief’s End & UNCHARTED: The Lost Legacy Digital Bundle,80,40.9383
80,NARUTO TO BORUTO: SHINOBI STRIKER,81,58.488299999999995
81,Persona 5 Royal Deluxe Edition,82,64.3383
82,Thief Simulator,83,18.708299999999998
83,LEGO® CITY Undercover,84,56.1483
84,HOT WHEELS UNLEASHED™,85,46.7883
85,HOT WHEELS UNLEASHED™,86,46.7883
86,NBA 2K22 NBA 75th Anniversary Edition for PS5™,87,99.43829999999998
87,Devil May Cry 5 + Vergil,88,29.238299999999995
88,Diablo® II: Resurrected™,89,40.9383
89,Ghostwire: Tokyo Deluxe Edition,90,93.58829999999999
90,GRID Legends PS4 & PS5,91,70.1883
91,FIFA 22 Ultimate Edition PS4™ & PS5™,92,105.28829999999999
92,Sid Meier’s Civilization® VI Anthology Upgrade Bundle,93,52.6383
93,MotoGP™22 PS4 & PS5,94,70.1883
94,Mafia: Definitive Edition,95,40.9383
95,DRAGON BALL XENOVERSE 2 - Legendary Pack Set,96,16.368299999999998
96,Human: Fall Flat PS4 & PS5,97,18.708299999999998
97,Human: Fall Flat,98,18.708299999999998
98,Terraria – PlayStation®4 Edition,99,15.1983
99,The Stanley Parable: Ultra Deluxe,100,21.048299999999998
100,Assetto Corsa Competizione,101,40.9383
101,LEGO® Harry Potter™ Collection,102,40.9383
102,Bloodborne™,103,18.708299999999998
103,PGA TOUR 2K21,104,58.488299999999995
104,Batman: Arkham Knight,105,18.708299999999998
105,Overcooked! 2,106,23.388299999999997
106,Evil Dead: The Game PS4 & PS5,107,40.9383
107,Assetto Corsa Competizione,108,40.9383
108,SpellForce III Reforced: Complete Edition,109,64.3383
109,SpellForce III Reforced: Complete Edition,110,64.3383
110,Tourist Bus Simulator,111,29.238299999999995
111,Golf With Your Friends,112,18.708299999999998
112,Demon Slayer -Kimetsu no Yaiba- The Hinokami Chronicles Deluxe Edition PS4 & PS5,113,64.3383
113,STAR WARS™ Battlefront™ II: Celebration Edition Upgrade,114,23.388299999999997
114,The Dark Pictures Anthology: House of Ashes PS4 & PS5,115,29.238299999999995
115,NARUTO SHIPPUDEN: Ultimate Ninja STORM 4 Road to Boruto,116,46.7883
116,Disco Elysium - The Final Cut,117,38.5983
117,LEGO® Marvel Collection,118,58.488299999999995
118,Nioh 2,119,40.9383
119,Diablo® Prime Evil Collection,120,58.488299999999995
120,Injustice™ 2 - Legendary Edition,121,56.1483
121,Immortals Fenyx Rising™ PS4 & PS5,122,70.1883
122,Lost Judgment Digital Ultimate Edition PS4 & PS5,123,87.7383
123,Car Mechanic Simulator 2021,124,29.238299999999995
124,RIDE 4,125,58.488299999999995
125,RIDE 4,126,58.488299999999995
126,Assassin's Creed® Rogue Remastered,127,29.238299999999995
127,Destiny 2: Bungie 30th Anniversary Pack,128,25.728299999999997
128,Psychonauts 2,129,58.488299999999995
129,Kao the Kangaroo,130,29.238299999999995
130,Kao the Kangaroo,131,29.238299999999995
131,Tomb Raider: Definitive Edition,132,18.708299999999998
132,Rust Console Edition - Deluxe,133,58.488299999999995
133,Hell Let Loose,134,40.9383
134,HOT WHEELS UNLEASHED™ - Ultimate Stunt Edition,135,81.88829999999999
135,HOT WHEELS UNLEASHED™ - Ultimate Stunt Edition,136,81.88829999999999
136,Mortal Kombat 11 Ultimate Add-On Bundle,137,46.7883
137,Mortal Kombat 11 Ultimate Add-On Bundle,138,46.7883
138,Sherlock Holmes Chapter One,139,43.2783
139,ARK: Genesis Season Pass,140,29.238299999999995
140,Sonic Colours: Ultimate,141,40.9383
141,RIDE 4 - Special Edition,142,87.7383
142,RIDE 4 - Special Edition,143,87.7383
143,Ancestors: The Humankind Odyssey,144,38.5983
144,LEGO® Marvel’s Avengers Deluxe Edition,145,61.9983
145,NARUTO TO BORUTO: SHINOBI STRIKER Season Pass 2,146,29.238299999999995
146,FINAL FANTASY VII REMAKE INTERGRADE,147,81.86489999999999
147,NieR Replicant ver.1.22474487139…,148,58.488299999999995
148,WRC 10 - Deluxe Edition PS4 & PS5,149,76.03829999999999
149,STRANGER OF PARADISE FINAL FANTASY ORIGIN PS4 & PS5,150,70.1883
150,Canis Canem Edit,151,14.0283
151,Lawn Mowing Simulator PS4 & PS5,152,18.708299999999998
152,Dragon's Dogma: Dark Arisen,153,23.388299999999997
153,ACE COMBAT™ 7: SKIES UNKNOWN - TOP GUN: Maverick Ultimate Edition,154,99.43829999999998
154,CODE VEIN,155,58.488299999999995
155,Battlefield™ V,156,40.9383
156,Far Cry® 6 Season Pass,157,38.5983
157,ACE COMBAT™ 7: SKIES UNKNOWN - TOP GUN: Maverick Edition,158,70.1883
158,The Nioh Collection,159,81.88829999999999
159,TEKKEN 7 - Originals Edition,160,87.7383
160,ONE PIECE World Seeker Deluxe Edition,161,91.24829999999999
161,UNO®,162,9.3483
162,NARUTO TO BORUTO: SHINOBI STRIKER Season Pass 3,163,14.0283
163,LEGO® Marvel Super Heroes 2 Deluxe Edition,164,64.3383
164,Borderlands 3 Season Pass Bundle,165,72.5283
165,Monster Hunter World: Iceborne,166,29.238299999999995
166,Overcooked! All You Can Eat,167,
167,Overcooked! All You Can Eat,168,35.6733
168,NINJA GAIDEN: Master Collection,169,38.5983
169,Sleeping Dogs™ Definitive Edition,170,29.238299999999995
170,Conan Exiles,171,52.6383
171,The Evil Within 2,172,40.9383
172,The Sinking City: Necronomicon Edition,173,58.488299999999995
173,Resident Evil Triple Pack,174,46.7883
174,MY HERO ONE'S JUSTICE 2,175,58.488299999999995
175,Destiny 2: Beyond Light,176,29.238299999999995
176,PAYDAY 2: THE CRIMEWAVE COLLECTION,177,29.238299999999995
177,"Black Desert - 6,600 Pearls",178,52.6383
178,GRID Legends PS4 & PS5,179,70.1883
179,Aliens: Fireteam Elite PS4 & PS5,180,40.9383
180,Dreams™,181,40.9383
181,Batman™: Arkham Knight Season Pass,182,18.708299999999998
182,Middle-earth™: Shadow of War™ Definitive Edition,183,46.7883
183,A Plague Tale: Innocence,184,
184,A Plague Tale: Innocence,185,40.9383
185,Need for Speed™ Rivals,186,18.708299999999998
186,ARK: Survival Evolved Season Pass,187,23.388299999999997
187,Dragon Age™: Inquisition - Game of the Year Edition,188,29.238299999999995
188,Death's Door,189,18.708299999999998
189,DiRT Rally 2.0,190,29.238299999999995
190,Black Desert: Traveler Edition,191,29.238299999999995
191,Worms W.M.D,192,23.388299999999997
192,Judgment,193,29.238299999999995
193,Borderlands 3: Super Deluxe Edition PS4™ &  PS5™,194,81.88829999999999
194,Surviving the Aftermath,195,29.238299999999995
195,Conan Exiles - Isle of Siptah,196,18.708299999999998
196,FF7R EPISODE INTERmission (New Story Content Featuring Yuffie),197,
197,The Evil Within,198,18.708299999999998
198,Rugby 20,199,29.238299999999995
199,STAR WARS™: Squadrons,200,40.9383
200,Sniper Ghost Warrior Contracts 2 Complete Edition,201,58.488299999999995
201,SCARLET NEXUS Deluxe Edition PS4 & PS5,202,64.3383
202,Titanfall™ 2 Standard Edition,203,21.048299999999998
203,Goat Simulator,204,9.3483
204,Need for Speed™ Payback - Deluxe Edition,205,40.9383
205,FINAL FANTASY VII REMAKE,206,70.1883
206,SOULCALIBUR Ⅵ Deluxe Edition,207,93.58829999999999
207,Yakuza: Like a Dragon Hero Edition PS4 & PS5,208,76.03829999999999
208,Rust Console Edition - Ultimate,209,77.2083
209,The Outer Worlds Expansion Pass,210,23.388299999999997
210,Werewolf: The Apocalypse - Earthblood Champion of Gaia,211,58.488299999999995
211,Werewolf: The Apocalypse - Earthblood Champion of Gaia,212,58.488299999999995
212,Grand Theft Auto V (PS4™ & PS5™),213,58.488299999999995
213,The Sinking City PS5 Deluxe Edition,214,63.168299999999995
214,Neptunia x SENRAN KAGURA: Ninja Wars,215,52.6383
215,"Black Desert - 3,200 Pearls",216,28.068299999999997
216,Sherlock Holmes: Crimes and Punishments + Sherlock Holmes: The Devil's Daughter bundle,217,63.168299999999995
217,Ni no Kuni™ II: Revenant Kingdom - The Prince's Edition,218,81.88829999999999
218,Nioh 2 Remastered – The Complete Edition PS4 & PS5,219,58.488299999999995
219,Need for Speed™ Deluxe Edition,220,23.388299999999997
220,"Black Desert - 4,360 Pearls",221,37.42829999999999
221,Middle-earth™: Shadow of Mordor™-Game of the Year Edition,222,56.1483
222,Worms™ Battlegrounds,223,23.388299999999997
223,STRANGER OF PARADISE FINAL FANTASY ORIGIN Digital Deluxe Edition PS4 & PS5,224,99.43829999999998
224,Catherine: Full Body Deluxe Edition,225,52.6383
225,Back 4 Blood: Ultimate Edition PS4 & PS5,226,116.96489999999999
226,Ni no Kuni™ II: Revenant Kingdom,227,56.1483
227,Black Desert: Conqueror Edition,228,93.58829999999999
228,The Escapists 2,229,23.388299999999997
229,Mortal Kombat XL,230,46.7883
230,Monster Hunter World: Iceborne Master Edition,231,40.9383
231,Atelier Mysterious Trilogy Deluxe Pack,232,86.5683
232,Mass Effect™: Andromeda – Standard Recruit Edition,233,21.048299999999998
233,Wolfenstein® II: The New Colossus™ (CUSA07377),234,38.5983
234,DIRT 5 PS4 & PS5,235,64.3383
235,World War Z: Aftermath Deluxe Edition,236,52.6383
236,Plants vs. Zombies: Battle for Neighborville™,237,29.238299999999995
237,Warhammer: Chaosbane Slayer Edition,238,58.488299999999995
238,Warhammer: Chaosbane Slayer Edition,239,58.488299999999995
239,FINAL FANTASY XIV: Endwalker [PS4 & PS5],240,43.2783
240,Sniper Elite VR,241,29.238299999999995
241,Chernobylite,242,29.238299999999995
242,Chernobylite,243,29.238299999999995
243,DRAGON BALL FIGHTERZ - FighterZ Pass 2,244,23.388299999999997
244,Skater XL,245,40.9383
245,Battlefield™ 1,246,21.048299999999998
246,Chorus,247,40.9383
247,Battlefield 4™,248,18.708299999999998
248,IMMORTALS FENYX RISING SEASON PASS,249,38.5983
249,My Friend Peppa Pig,250,40.9383
250,ONE PUNCH MAN: A HERO NOBODY KNOWS Deluxe Edition,251,70.1883
251,Crash™ Team Racing Nitro-Fueled - Nitros Oxide Edition,252,64.3383
252,Tormented Souls,253,
253,Tormented Souls,254,18.708299999999998
254,Marvel vs. Capcom: Infinite - Standard Edition,255,40.9383
255,Destiny 2: Shadowkeep,256,23.388299999999997
256,Phoenix Wright: Ace Attorney Trilogy,257,31.578299999999995
257,FINAL FANTASY XV ROYAL EDITION,258,35.0883
258,Wanderer,259,40.9383
259,Tales of Berseria,260,18.708299999999998
260,NASCAR 21: Ignition PS4 and PS5,261,58.488299999999995
261,Assassin's Creed 4 Black Flag,262,29.238299999999995
262,Dead Island: Riptide Definitive Edition,263,15.1983
263,Dead by Daylight: Resident Evil Chapter,264,11.103299999999999
264,One Piece Burning Blood,265,58.488299999999995
265,FINAL FANTASY XIV Online - Complete Edition,266,52.6383
266,The Great Ace Attorney Chronicles,267,38.5983
267,Guilty Gear -Strive- Deluxe Edition PS4 & PS5,268,70.1883
268,DRAGON BALL FIGHTERZ - FighterZ Pass,269,33.918299999999995
269,Weird West,270,38.5983
270,Just Dance® 2022 PS5,271,58.488299999999995
271,Just Dance® 2022 PS4,272,58.488299999999995
272,For Honor Year 3 Pass,273,29.238299999999995
273,God Eater 3,274,58.488299999999995
274,Just Die Already,275,13.443299999999999
275,World War Z: Aftermath,276,40.9383
276,LEGO® DC Super-Villains Deluxe Edition,277,70.1883
277,Diablo® Prime Evil Upgrade,278,49.7133
278,Train Sim World® 2,279,18.708299999999998
279,NBA 2K Playgrounds 2,280,29.238299999999995
280,FINAL FANTASY XIV: Endwalker - Collector’s Edition [PS4 & PS5],281,58.488299999999995
281,NINJA GAIDEN: Master Collection Deluxe Edition,282,46.7883
282,Outer Wilds: Archaeologist Edition,283,38.5983
283,PAW Patrol The Movie: Adventure City Calls,284,40.9383
284,Hunting Simulator 2 Bear Hunter Edition,285,67.8483
285,Hunting Simulator 2 Bear Hunter Edition,286,67.8483
286,Terminator: Resistance Enhanced,287,46.7883
287,Tank Mechanic Simulator,288,18.708299999999998
288,"Black Desert - 2,040 Pearls",289,18.1233
289,Sackboy: A Big Adventure Digital Deluxe Edition PS4 & PS5,290,93.58829999999999
290,AO Tennis 2,291,56.1483
291,KINGDOM HEARTS HD 1.5 + 2.5 ReMIX,292,46.7883
292,Road Maintenance Simulator,293,29.238299999999995
293,Road Maintenance Simulator,294,29.238299999999995
294,Fallout 76,295,40.9383
295,MXGP 2021 - The Official Motocross Videogame,296,58.488299999999995
296,MXGP 2021 - The Official Motocross Videogame,297,58.488299999999995
297,Outer Wilds,298,22.218299999999996
298,For Honor Marching Fire Expansion,299,29.238299999999995
299,KINGDOM HEARTS III Re Mind,300,29.238299999999995
300,KINGDOM HEARTS III,301,64.3383
301,Vampire: The Masquerade - Swansong PRIMOGEN EDITION,302,64.3383
302,MY LITTLE PONY: A Maretime Bay Adventure,303,40.9383
303,Metal Gear Solid V: The Phantom Pain,304,29.238299999999995
304,Bus Driver Simulator,305,18.708299999999998
305,Minecraft Dungeons: Ultimate Edition,306,40.9383
306,Evil Dead: The Game - Deluxe Edition PS4 & PS5,307,58.488299999999995
307,Sifu,308,46.7883
308,FINAL FANTASY VIII Remastered,309,18.708299999999998
309,Oxide Room 104,310,23.388299999999997
310,Serious Sam 4,311,40.9383
311,RESIDENT EVIL 2 Deluxe Edition,312,52.6383
312,FINAL FANTASY® VII,313,15.1983
313,Lake PS4 & PS5,314,18.708299999999998
314,Evil Dead: The Game - Season Pass 1,315,29.238299999999995
315,Grow: Song of the Evertree,316,23.388299999999997
316,Torchlight III,317,38.5983
317,Nickelodeon All-Star Brawl,318,52.6383
318,Far Cry 4 - Gold Edition,319,52.6383
319,DEAD OR ALIVE 6 Digital Deluxe Edition,320,81.88829999999999
320,Persona 5,321,58.488299999999995
321,Open Country,322,15.1983
322,Evil Genius 2: World Domination Deluxe Edition PS4 & PS5,323,64.3383
323,WRC 9 Deluxe Edition FIA World Rally Championship PS4 & PS5,324,67.8483
324,Sakura Wars,325,58.488299999999995
325,MY HERO ONE'S JUSTICE,326,64.3383
326,Trine: Ultimate Collection,327,43.2783
327,Edge Of Eternity,328,29.238299999999995
328,THE KING OF FIGHTERS XV Standard Edition PS4 & PS5,329,58.488299999999995
329,Martha Is Dead PS4™ & PS5™,330,29.238299999999995
330,Max Payne,331,14.0283
331,DRAGON BALL XENOVERSE,332,18.708299999999998
332,Alex Kidd in Miracle World DX,333,18.708299999999998
333,Black Desert: Explorer Edition,334,46.7883
334,Evil Genius 2: World Domination PS4 & PS5,335,40.9383
335,Unravel,336,17.5383
336,Sherlock Holmes: Crimes and Punishments,337,38.5983
337,SWORD ART ONLINE: FATAL BULLET Complete Edition,338,58.488299999999995
338,WWZ Upgrade to Aftermath,339,18.708299999999998
339,The Medium,340,52.6383
340,HOT WHEELS UNLEASHED™ - Collectors Edition,341,64.3383
341,HOT WHEELS UNLEASHED™ - Collectors Edition,342,64.3383
342,XCOM® 2: War of the Chosen,343,40.9383
343,One Piece Pirate Warriors 3,344,18.708299999999998
344,Destiny 2: Forsaken Pack,345,19.878299999999996
345,Horizon Chase Turbo,346,18.708299999999998
346,Solar Ash,347,38.5983
347,The Jackbox Party Pack 8,348,29.238299999999995
348,The Pathless PS4 & PS5,349,35.0883
349,Necromunda: Hired Gun,350,38.5983
350,Middle-earth™: The Shadow Bundle,351,70.1883
351,XCOM® 2 Digital Deluxe Edition,352,61.9983
352,Twelve Minutes,353,23.388299999999997
353,The Evil Within Season Pass,354,9.3483
354,Remnant: From the Ashes,355,38.5983
355,Cat Quest II,356,14.0283
356,Who Wants to Be a Millionaire?,357,40.9383
357,Persona® 5 Strikers Digital Deluxe Edition,358,76.03829999999999
358,Spirit of the North: Enhanced Edition,359,23.388299999999997
359,NARUTO SHIPPUDEN: Ultimate Ninja STORM 3 Full Burst,360,18.708299999999998
360,One Piece: Unlimited World Red - Deluxe Edition,361,38.5983
361,CODE VEIN Season Pass,362,23.388299999999997
362,Monster Energy Supercross - The Official Videogame 5 PS4 & PS5,363,70.1883
363,Carnival Games®,364,40.9383
364,Nioh – Complete Edition,365,40.9383
365,NARUTO: Ultimate Ninja STORM,366,18.708299999999998
366,DEAD OR ALIVE 6,367,64.3383
367,Dead by Daylight: Ghost Face® PS4™ & PS5™,368,4.6683
368,FOR HONOR Marching Fire Edition,369,46.7883
369,Dead by Daylight: The Halloween® Chapter PS4™ & PS5™,370,7.5933
370,PGA TOUR 2K21 Baller Edition,371,76.03829999999999
371,Deus Ex: Mankind Divided - Digital Deluxe Edition,372,40.9383
372,Nexomon: Extinction,373,18.708299999999998
373,The Warriors,374,14.0283
374,Hunting Simulator 2 Elite Edition,375,77.2083
375,Hunting Simulator 2 Elite Edition,376,77.2083
376,Dead by Daylight: Ultimate Edition PS4™ & PS5™,377,67.8483
377,Tails of Iron,378,23.388299999999997
378,Lost Judgment Season Pass,379,33.918299999999995
379,BLUE REFLECTION: Second Light Ultimate Edition,380,111.13829999999999
380,DiRT 4,381,21.048299999999998
381,Airport Simulator: Day & Night,382,29.238299999999995
382,Conan Exiles - People of the Dragon Pack,383,9.3483
383,Fishing Planet: Amazon Carnival Pack,384,36.2583
384,Blasphemous,385,23.388299999999997
385,GreedFall - Standard Edition,386,35.0883
386,FIA European Truck Racing Championship,387,29.238299999999995
387,Portal Knights,388,18.708299999999998
388,13 Sentinels: Aegis Rim,389,58.488299999999995
389,THE KING OF FIGHTERS '98 ULTIMATE MATCH FINAL EDITION,390,15.1983
390,RESIDENT EVIL 7 biohazard Gold Edition,391,40.9383
391,Nioh,392,18.708299999999998
392,LEGO® Star Wars™: The Mandalorian Season 1 Character Pack,393,2.9133
393,Under the Jolly Roger - Complete Edition,394,28.068299999999997
394,Autonauts PS4 & PS5,395,18.708299999999998
395,LEGO® Star Wars™: The Mandalorian Season 2 Character Pack,396,2.9133
396,Final Vendetta,397,23.388299999999997
397,Brothers: a Tale of two Sons,398,17.5383
398,Back 4 Blood - Expansion 1: Tunnels of Terror,399,14.0283
399,Far Cry 4 Season pass,400,28.068299999999997
400,Train Sim World® 2: Rush Hour - London Commuter,401,29.238299999999995
401,FINAL FANTASY XIV Online - Complete Collector’s Edition,402,102.94829999999999
402,Vampyr,403,40.9383
403,SnowRunner - Season 7: Compete & Conquer,404,6.774299999999999
404,Power Rangers: Battle For The Grid,405,18.708299999999998
405,My Time at Portia,406,29.238299999999995
406,I Expect You To Die,407,23.388299999999997
407,Firefighters – The Simulation,408,29.238299999999995
408,Train Sim World® 2: Hauptstrecke Rhein-Ruhr,409,29.238299999999995
409,Train Sim World® 2: Hauptstrecke Rhein-Ruhr,410,
410,Bloodstained: Ritual of the Night,411,40.9383
411,Borderlands 2 VR,412,46.7883
412,The Forgotten City,413,29.238299999999995
413,DOOM Slayers Collection,414,29.238299999999995
414,"Warhammer 40,000: Inquisitor - Martyr | Imperium edition",415,56.1483
415,Hatsune Miku: Project DIVA Future Tone Bundle,416,38.5983
416,UNO® Ultimate Edition,417,18.708299999999998
417,Tetris® Effect: Connected,418,40.9383
418,Paladins Gold Edition,419,29.238299999999995
419,The Surge 2 - Premium Edition,420,40.9383
420,Farm Manager 2022,421,14.0283
421,Taiko no Tatsujin: Drum Session!,422,58.488299999999995
422,Just Dance® 2022 Ultimate Edition PS4,423,81.88829999999999
423,Just Dance® 2022 Ultimate Edition PS5,424,81.88829999999999
424,BLUE REFLECTION: Second Light,425,58.488299999999995
425,NARUTO SHIPPUDEN: Ultimate Ninja STORM 2,426,18.708299999999998
426,Atelier Ryza: Ever Darkness & the Secret Hideout,427,58.488299999999995
427,FINAL FANTASY CRYSTAL CHRONICLES Remastered Edition,428,29.238299999999995
428,Mutant Year Zero: Road to Eden - Deluxe Edition ,429,43.2783
429,Who Wants to Be a Millionaire? – New Edition,430,40.9383
430,Oddworld: Stranger's Wrath HD,431,18.708299999999998
431,Metro Exodus - Sam's Story,432,9.3483
432,Remnant: From the Ashes – Complete Edition,433,46.7883
433,Curse of the Dead Gods,434,18.708299999999998
434,OlliOlli World - Rad Edition (PS4/PS5),435,42.1083
435,Monster Energy Supercross 5 - Special Edition PS4 & PS5,436,87.7383
436,BLUE REFLECTION,437,58.488299999999995
437,Atelier Ryza: Digital Deluxe Edition,438,70.1883
438,Dragon Age™: Inquisition DLC Bundle,439,29.238299999999995
439,PJ Masks: Heroes of the Night,440,40.9383
440,FOR HONOR™ STANDARD EDITION,441,29.238299999999995
441,Aven Colony,442,29.238299999999995
442,Cloudpunk,443,23.388299999999997
443,Warhammer Age of Sigmar: Storm Ground,444,18.708299999999998
444,Deus Ex: Mankind Divided,445,29.238299999999995
445,Under The Jolly Roger,446,17.5383
446,Tennis World Tour,447,18.708299999999998
447,Dead by Daylight: Silent Hill Chapter PS4™ & PS5™,448,7.5933
448,Black Desert - Conqueror Item Pack,449,
449,Valkyria Chronicles 4,450,29.238299999999995
450,"Black Desert - 1,000 Pearls",451,9.3483
451,Yooka-Laylee: Buddy Duo Bundle,452,46.7883
452,Asterix & Obelix XXL3: The Crystal Menhir,453,40.9383
453,Remothered: Broken Porcelain,454,29.238299999999995
454,Rock of Ages 3: Make & Break,455,29.238299999999995
455,Submerged: Hidden Depths,456,29.238299999999995
456,Submerged: Hidden Depths,457,29.238299999999995
457,BLACK CLOVER: QUARTET KNIGHTS Deluxe Edition,458,61.9983
458,Panzer Dragoon: Remake,459,23.388299999999997
459,Eldest Souls,460,18.708299999999998
460,DiRT Rally 2.0 - Year One Pass,461,18.708299999999998
461,Resident Evil Revelations 1 & 2 Bundle,462,40.9383
462,Astria Ascending,463,40.9383
463,Mega Man 30th Anniversary Bundle,464,58.488299999999995
464,Conan Exiles - Year 2 DLC Bundle,465,29.238299999999995
465,SnowRunner - Season 6: Haul & Hustle,466,6.774299999999999
466,SnowRunner - Season 6: Haul & Hustle,467,6.774299999999999
467,Snooker 19 Gold Edition,468,40.9383
468,The Survivalists - Deluxe Edition,469,24.7923
469,The Unicorn Princess,470,18.708299999999998
470,Outer Wilds: Echoes of the Eye,471,14.0283
471,Red Dead Revolver,472,14.0283
472,The Serpent Rogue,473,18.708299999999998
473,L.A. Noire: The VR Case Files,474,29.238299999999995
474,EARTH DEFENSE FORCE: IRON RAIN,475,58.488299999999995
475,After the Fall® - Launch Edition,476,40.9383
476,Atelier Ryza 2: Lost Legends & the Secret Fairy Ultimate Edition,477,105.28829999999999
477,EARTH DEFENSE FORCE 5,478,46.7883
478,Remnant: From the Ashes - Subject 2923,479,9.3483
479,Let's Sing 2021,480,40.9383
480,Train Sim World® 2: Haupststrecke München - Augsburg,481,29.238299999999995
481,DRAGON BALL FIGHTERZ - Gogeta (SSGSS),482,4.6683
482,Dead by Daylight: Silent Hill Edition,483,46.7883
483,XIII,484,52.6383
484,Donut County,485,11.6883
485,Secret of Mana,486,38.5983
486,Raji: An Ancient Epic,487,23.388299999999997
487,Fallout 76: Brotherhood Recruitment Bundle,488,29.238299999999995
488,Ni no Kuni™ II: Revenant Kingdom - Season Pass,489,18.708299999999998
489,FAHRENHEIT,490,12.8583
490,Dead by Daylight: Portrait of a Murder Chapter,491,7.5933
491,NASCAR 21: Ignition - Champions Edition,492,86.5683
492,Onee Chanbara Origin,493,46.7883
493,Before We Leave,494,17.5383
494,Remnant: From the Ashes – Swamps of Corsus,495,9.3483
495,Dead by Daylight: Hellraiser Chapter,496,4.6683
496,Dead by Daylight: A Nightmare on Elm Street™ Chapter,497,7.5933
497,Resident Evil: Deluxe Origins Bundle,498,35.0883
498,Capcom Beat 'Em Up Bundle,499,18.708299999999998
499,Dead by Daylight: The SAW® Chapter PS4™ & PS5™,500,7.5933
500,Peggle 2,501,11.6883
501,Gravel,502,29.238299999999995
502,Sword Art Online: Lost Song,503,52.6383
503,Manhunt,504,14.0283
504,DRAGON QUEST BUILDERS 2 Standard Edition,505,40.9383
505,The Dungeon of Naheulbeuk: The Amulet of Chaos - Chicken Edition,506,35.0883
506,Atelier Sophie 2: The Alchemist of the Mysterious Dream,507,58.488299999999995
507,Atelier Ryza 2: Lost Legends & the Secret Fairy PS4 & PS5,508,58.488299999999995
508,Rogue Legacy,509,16.368299999999998
509,Torchlight II,510,18.708299999999998
510,Horizon Chase Turbo - Senna Forever,511,5.8383
511,Dishonored® Definitive Edition,512,18.708299999999998
512,Conan Exiles - Complete Edition October 2021,513,128.6883
513,Conan Exiles - Year 1 DLC Bundle,514,29.238299999999995
514,Shady Part of Me,515,14.0283
515,Metro Exodus - The Two Colonels,516,6.774299999999999
516,Warhammer: Chaosbane - Magnus Edition,517,40.9383
517,SnowRunner - Season 5: Build & Dispatch,518,6.774299999999999
518,SnowRunner - Season 5: Build & Dispatch,519,6.774299999999999
519,Metro Exodus - Expansion Pass,520,14.0283
520,Actraiser Renaissance,521,29.238299999999995
521,Black Desert - Explorer Item Pack,522,
522,Conan Exiles - Isle of Siptah Edition,523,63.168299999999995
523,Voice of Cards: The Forsaken Maiden,524,29.238299999999995
524,Dead by Daylight: HOUR OF THE WITCH Chapter,525,4.6683
525,Peaky Blinders: Mastermind,526,23.388299999999997
526,Godfall Ultimate Edition,527,40.9383
527,Godfall Ultimate Edition,528,40.9383
528,Train Sim World® 2: LGV Méditerranée: Marseille - Avignon,529,29.238299999999995
529,Greak: Memories of Azur,530,18.708299999999998
530,Megaton Rainfall,531,15.1983
531,Dead by Daylight: ALL-KILL,532,7.5933
532,DYNASTY WARRIORS 9 Empires,533,64.3383
533,DRAGON BALL FIGHTERZ - Broly (DBS),534,4.6683
534,Atelier Sophie 2: The Alchemist of the Mysterious Dream Ultimate Edition,535,105.28829999999999
535,Dead by Daylight: Leatherface™ PS4™ & PS5™,536,4.6683
536,Train Sim World® 2: Rush Hour - Nahverkehr Dresden,537,29.238299999999995
537,Dead by Daylight: Cursed Legacy Chapter PS4™ & PS5™,538,7.5933
538,Goat Simulator: Waste of Space,539,5.2533
539,Atelier Ryza 2: Lost Legends & the Secret Fairy Digital Deluxe Edition,540,70.1883
540,PGA TOUR 2K21 Baller Pack,541,23.388299999999997
541,Rustler,542,29.238299999999995
542,GUILTY GEAR Xrd Rev.2,543,40.9383
543,A Tale of Paper,544,14.0283
544,Mutant Year Zero: Road to Eden,545,33.918299999999995
545,Gravel Special Edition,546,38.5983
546,Nioh Remastered – The Complete Edition,547,58.488299999999995
547,Fast & Furious: Spy Racers Rise of SH1FT3R,548,40.9383
548,Blacksmith of the Sand Kingdom,549,18.708299999999998
549,GUNDAM VERSUS,550,18.708299999999998
550,SnowRunner - Season 4: New Frontiers,551,11.103299999999999
551,SnowRunner - Season 4: New Frontiers,552,11.103299999999999
552,Guns Gore and Cannoli 2,553,11.6883
553,FINAL FANTASY TYPE-0™ HD,554,18.708299999999998
554,Moons of Madness,555,29.238299999999995
555,Marvel vs. Capcom: Infinite Character Pass,556,29.238299999999995
556,Assetto Corsa - DLC Season Pass,557,18.708299999999998
557,Goat Simulator: Payday,558,5.2533
558,Arizona Sunshine® - Deluxe Edition,559,43.2783
559,WWE 2K Battlegrounds Digital Deluxe Edition,560,52.6383
560,Record of Lodoss War-Deedlit in Wonder Labyrinth-,561,21.048299999999998
561,Record of Lodoss War-Deedlit in Wonder Labyrinth-,562,21.048299999999998
562,Narcos: Rise of the Cartels,563,29.238299999999995
563,The Smurfs - Mission Vileaf,564,40.9383
564,The Smurfs - Mission Vileaf,565,40.9383
565,WRC 8 Deluxe Edition FIA World Rally Championship,566,70.1883
566,Mega Man X Legacy Collection 1+2,567,38.0133
567,Lords of the Fallen - Complete Edition,568,29.238299999999995
568,Order of Battle: World War II,569,18.708299999999998
569,American Fugitive,570,21.048299999999998
570,THE KING OF FIGHTERS XIV ,571,18.708299999999998
571,Goat Simulator: GoatZ,572,5.2533
572,Road Rage,573,18.708299999999998
573,Dead by Daylight: Descend Beyond Chapter PS4™ & PS5™,574,7.5933
574,DRAGON BALL FIGHTERZ - Goku (Ultra Instinct),575,4.6683
575,Cat Quest,576,11.6883
576,Family Feud®,577,18.708299999999998
577,Dead by Daylight: Darkness Among Us PS4™ & PS5™,578,7.5933
578,Breathedge,579,23.388299999999997
579,Breathedge,580,29.238299999999995
580,FINAL FANTASY XV: EPISODE ARDYN,581,4.6683
581,Conan Exiles - Architects of Argos Pack,582,9.3483
582,The Survivalists,583,23.388299999999997
583,Battlefield™ Hardline Deluxe Edition,584,29.238299999999995
584,Hatsune Miku: Project DIVA X,585,43.2783
585,KILL la KILL - IF,586,18.708299999999998
586,Alba: A Wildlife Adventure,587,18.708299999999998
587,Goat MMO Simulator,588,5.2533
588,VR Ping Pong Pro,589,23.388299999999997
589,Gear.Club Unlimited 2 - Ultimate Edition,590,40.9383
590,Gear.Club Unlimited 2 - Ultimate Edition,591,40.9383
591,Vampire: The Masquerade - Bloodhunt,592,58.488299999999995
592,Dead by Daylight: Curtain Call Chapter PS4™ & PS5™,593,7.5933
593,Train Sim World® 2: Southeastern High Speed: London St Pancras - Faversham,594,29.238299999999995
594,DOA6 Season Pass 4,595,86.5683
595,Morbid: The Seven Acolytes,596,23.388299999999997
596,The Outer Worlds: Murder on Eridanos,597,14.0283
597,Hob,598,18.708299999999998
598,Wolfenstein® II: The Freedom Chronicles Season Pass,599,21.048299999999998
599,Gun Club VR,600,23.388299999999997
600,Keep Talking and Nobody Explodes,601,14.0283
601,STAR OCEAN: IAF DIGITAL EDITION,602,29.238299999999995
602,Kentucky Route Zero: TV Edition,603,21.048299999999998
603,"Warhammer 40,000: Inquisitor - Martyr Complete Upgrade Pack",604,38.5983
604,Othercide,605,29.238299999999995
605,Monster Boy and the Cursed Kingdom,606,40.9383
606,Call of The Sea,607,18.708299999999998
607,Fishing Sim World: Pro Tour,608,17.5383
608,Aeterna Noctis,609,29.238299999999995
609,Aeterna Noctis,610,29.238299999999995
610,DEAD OR ALIVE 6 Season Pass 2 ,611,77.2083
611,She Sees Red - Interactive Movie,612,9.3483
612,Dead by Daylight: Chains of Hate Chapter PS4™ & PS5™,613,7.5933
613,Kingdom Treasury Collection,614,29.238299999999995
614,Relayer Digital Premium Edition PS4 & PS5,615,70.1883
615,Marsupilami: Hoobadventure,616,40.9383
616,Plague Inc: Evolved,617,14.0283
617,Moto Racer 4,618,40.9383
618,FINAL FANTASY VII REMAKE Digital Deluxe Edition,619,87.7383
619,The Escapists + The Escapists: The Walking Dead Collection,620,23.388299999999997
620,FINAL FANTASY VII REMAKE INTERGRADE Digital Deluxe Edition,621,99.41489999999999
621,Lost Words: Beyond the Page,622,14.0283
622,Yonder: The Cloud Catcher Chronicles,623,29.238299999999995
623,Little Misfortune,624,18.708299999999998
624,DRAGON BALL FIGHTERZ - Vegito (SSGSS),625,4.6683
625,Street Outlaws 2: Winner Takes All,626,58.488299999999995
626,Monster Sanctuary,627,18.708299999999998
627,In Sound Mind,628,35.0883
628,Kitaria Fables,629,23.388299999999997
629,BLAZBLUE CENTRALFICTION,630,56.1483
630,DEAD OR ALIVE 6 Season Pass 1,631,86.5683
631,Dead by Daylight: Shattered Bloodline PS4™ & PS5™,632,7.5933
632,Hatsune Miku: Project DIVA Future Tone Mega Mix Encore Pack,633,14.0283
633,Umbrella Corps,634,14.0283
634,Root Film,635,40.9383
635,Battlestar Galactica Deadlock,636,29.238299999999995
636,THE KING OF FIGHTERS 2002 UNLIMITED MATCH,637,15.1983
637,Dusk Diver,638,35.0883
638,Roguebook - Deluxe Edition,639,33.918299999999995
639,SnowRunner - Season 2: Explore & Expand,640,6.774299999999999
640,SnowRunner - Season 2: Explore & Expand,641,6.774299999999999
641,Nun Massacre,642,5.2533
642,Overcooked! 2 - Surf 'n' Turf,643,5.2533
643,Train Sim World 2: Scottish City Commuter: Glasgow - Newton & Neilston,644,29.238299999999995
644,The Outer Worlds: Peril on Gorgon,645,14.0283
645,Conan Exiles - Debaucheries of Derketo Pack,646,9.3483
646,Beast Quest,647,18.708299999999998
647,art of rally,648,19.878299999999996
648,art of rally,649,19.878299999999996
649,Atelier Sophie: The Alchemist of the Mysterious Book DX,650,38.5983
650,Hatsune Miku: Project DIVA Future Tone Season Pass,651,18.708299999999998
651,SnowRunner - Season 1: Search & Recover,652,6.774299999999999
652,SnowRunner - Season 1: Search & Recover,653,6.774299999999999
653,Dead by Daylight: A Binding of Kin Chapter,654,7.5933
654,Let's Sing 2020,655,40.9383
655,Crown Trick,656,18.708299999999998
656,Airborne Kingdom,657,21.048299999999998
657,Worms Rumble - Digital Deluxe Edition PS4 & PS5,658,21.048299999999998
658,The Park,659,11.6883
659,ONINAKI,660,52.6383
660,Lethal League Blaze,661,18.708299999999998
661,ARK Park,662,52.6383
662,Atelier Ryza Season Pass 'Kurken Island Jam-packed Pass',663,52.6383
663,DEEMO -Reborn-,664,38.5983
664,Winter Ember,665,29.238299999999995
665,The Bard's Tale: Remastered and Resnarkled,666,9.3483
666,Carnival Games® VR,667,18.708299999999998
667,Toy Soldiers HD,668,29.238299999999995
668,Monster Truck Championship Rebel Hunter Edition,669,46.7883
669,Monster Truck Championship Rebel Hunter Edition,670,46.7883
670,Dead by Daylight: Ash vs Evil Dead PS4™ & PS5™,671,4.6683
671,DYNASTY WARRIORS 9 Empires Deluxe Edition,672,105.28829999999999
672,Dead by Daylight: Demise of the Faithful Chapter PS4™ & PS5™,673,7.5933
673,Sky Gamblers - Air Supremacy 2,674,29.238299999999995
674,Tales of Zestiria - Digital Standard Edition,675,29.238299999999995
675,Trine 4: The Nightmare Prince,676,29.238299999999995
676,Lawn Mowing Simulator - Dino Safari PS4 & PS5,677,4.6683
677,Kingdom Two Crowns: Norse Lands,678,6.774299999999999
678,Behind the Frame: The Finest Scenery,679,10.5183
679,KINGDOM HEARTS Melody of Memory,680,58.488299999999995
680,Embr,681,18.708299999999998
681,"Warhammer 40,000: Inquisitor - Martyr",682,40.9383
682,Train Sim World® 2: Great Western Express,683,29.238299999999995
683,Train Sim World® 2: Great Western Express,684,
684,ONE PIECE World Seeker Extra Episode 1: Void Mirror Prototype,685,9.3483
685,DRAGON BALL FIGHTERZ - Broly,686,4.6683
686,Train Sim World® 2: West Cornwall Local: Penzance - St Austell & St Ives,687,29.238299999999995
687,Ashen,688,38.5983
688,For The King,689,23.388299999999997
689,Lawn Mowing Simulator - Ancient Britain PS4 & PS5,690,4.6683
690,Kingdom Two Crowns,691,18.1233
691,Cake Bash,692,18.708299999999998
692,Emily Wants to Play Too,693,7.5933
693,Voice of Cards: The Isle Dragon Roars,694,29.238299999999995
694,This War of Mine: The Little Ones,695,18.708299999999998
695,Overpass,696,29.238299999999995
696,Bad North,697,14.0283
697,Call of Cthulhu®,698,18.708299999999998
698,Little Big Workshop,699,18.708299999999998
699,XCOM® 2,700,52.6383
700,KINGDOM HEARTS HD 2.8 Final Chapter Prologue,701,56.1483
701,Bassmaster® Fishing 2022: 2022 Bassmaster Classic®,702,31.578299999999995
702,How to Survive 2,703,14.0283
703,KINGDOM HEARTS III Re Mind + Concert Video,704,38.5983
704,Generation Zero ® - Base Warfare Starter Bundle,705,37.42829999999999
705,Hourglass,706,23.388299999999997
706,Hourglass,707,23.388299999999997
707,Train Sim World® 2: Arosalinie: Chur - Arosa,708,29.238299999999995
708,Ticket To Ride,709,18.708299999999998
709,Train Sim World® 2: DB BR 187,710,13.443299999999999
710,Virtua Fighter 5 Ultimate Showdown Main Game ＆ TEKKEN 7 DLC Pack,711,29.238299999999995
711,Evil Dead: The Game - The Classics Bundle,712,9.3483
712,Train Sim World® 2: Rhein-Ruhr Osten: Wuppertal - Hagen,713,29.238299999999995
713,Train Sim World® 2: Rhein-Ruhr Osten: Wuppertal - Hagen,714,
714,Emily Wants to Play,715,5.8383
715,Pure Farming 2018,716,29.238299999999995
716,QUByte Classics - Zero Tolerance Collection by PIKO,717,10.5183
717,Firechief Bundle,718,46.7883
718,Shattered: Tale of the Forgotten King,719,29.238299999999995
719,Dragon Ball Xenoverse - Season Pass,720,23.388299999999997
720,Bomber Crew,721,18.708299999999998
721,MELTY BLOOD: TYPE LUMINA,722,52.6383
722,Firefighters: Plant Fire Department,723,23.388299999999997
723,ONE PIECE World Seeker Extra Episode 3: The Unfinished Map,724,9.3483
724,Yet Another Zombie Defense HD,725,4.6683
725,Chickens On The Road,726,0.9243
726,The Psychoduck PS4 & PS5,727,4.6683
727,Train Sim World® 2 Starter Bundle - German Edition,728,38.5983
728,Trove - Mega Menagerie Pack,729,29.238299999999995
729,TEKKEN 7 Collaboration Pack,730,9.3483
730,ONE PIECE World Seeker Extra Episode 2: Where Justice Lies,731,9.3483
731,Telling Lies,732,18.708299999999998
732,Insurgency: Sandstorm - Year 1+2 Bundle,733,52.6383
733,WHO WANTS TO BE A MILLIONAIRE? – DELUXE UPGRADE,734,9.3483
734,LEGO® Star Wars™: The Bad Batch Character Pack,735,2.9133
735,LEGO® Star Wars™: The Skywalker Saga Trooper Pack,736,2.9133
736,Firefighters - The Simulation Platinum Bundle,737,33.918299999999995
737,Train Sim World® 2: Ruhr-Sieg Nord,738,29.238299999999995
738,Train Sim World® 2: Ruhr-Sieg Nord,739,
739,RESONANCE OF FATE 4K/HD EDITION,740,33.918299999999995
740,They Always Run,741,16.368299999999998
741,Rescue HQ - The Tycoon,742,29.238299999999995
742,Fishing Sim World®: Pro Tour - Giant Carp Pack,743,14.0283
743,DEATHRUN TV,744,14.0283
744,The Artful Escape,745,18.708299999999998
745,Forestry 2017 - The Simulation,746,18.708299999999998
746,Train Sim World® 2: Tees Valley Line: Darlington - Saltburn-By-The-Sea,747,29.238299999999995
747,Train Sim World® 2: Tees Valley Line: Darlington - Saltburn-By-The-Sea,748,
748,Street Fighter V - Capcom Pro Tour: 2022 Premier Pass,749,18.708299999999998
749,Train Sim World® 2: Isle Of Wight: Ryde - Shanklin,750,23.388299999999997
750,Firefighters: Airport Fire Department,751,23.388299999999997
751,Train Sim World® 2 Starter Bundle - UK Edition,752,38.5983
752,ONE PIECE BURNING BLOOD - Gold Pack,753,23.388299999999997
753,Crazy Chicken Xtreme,754,23.388299999999997
754,Crazy Chicken Xtreme,755,18.708299999999998
755,STAR OCEAN First Departure R,756,19.878299999999996
756,Deadlight: Director's Cut,757,15.1983
757,Bus Driver Simulator - European Minibus,758,1.9772999999999998
758,Pumped BMX +,759,9.3483
759,Trove - Hearty Party Pack 1,760,17.5383
760,Train Sim World® 2: Peninsula Corridor: San Francisco - San Jose,761,29.238299999999995
761,Train Sim World® 2: Peninsula Corridor: San Francisco - San Jose,762,
762,Train Sim World® 2: Diesel Legends of the Great Western,763,17.5383
763,GOD EATER 2 Rage Burst,764,52.6383
764,Train Sim World® 2: London Underground 1938 Stock EMU,765,13.443299999999999
765,Train Sim World® 2: West Somerset Railway,766,23.388299999999997
766,Train Sim World® 2: West Somerset Railway,767,
767,CrossCode,768,18.708299999999998
768,Train Sim World®: Main Spessart Bahn: Aschaffenburg - Gemünden,769,29.238299999999995
769,Steam Engine,770,0.9243
770,Train Sim World® 2: East Coastway,771,29.238299999999995
771,Train Sim World® 2: East Coastway,772,
772,World of Warships: Legends - PS4 Heavy Hitter,773,43.2783
773,LEGO® Star Wars™: The Skywalker Saga Classic Character Pack,774,2.9133
774,Pool & Snooker Nation Bundle,775,11.6883
775,Infinite Tanks WWII,776,18.708299999999998
776,Blood Bowl 2,777,18.708299999999998
777,The Lucid Dreamer Bundle,778,77.2083
778,Bus Driver Simulator - Tourist,779,1.9772999999999998
779,Under The Jolly Roger - Avatar Full Game Bundle,780,22.218299999999996
780,Team Sonic Racing & Super Monkey Ball: Banana Blitz HD,781,58.488299999999995
781,Atomicrops: Reap What You Bundle,782,17.5383
782,GUILTY GEAR Xrd -REVELATOR-,783,18.708299999999998
783,Fury Unleashed,784,18.708299999999998
784,LEGO® Star Wars™: Rogue One: A Star Wars Story Character Pack,785,2.9133
785,Train Sim World® 2: Clinchfield Railroad: Elkhorn - Dante,786,29.238299999999995
786,Kingdom: New Lands,787,14.0283
787,Train Sim World® 2: BR Heavy Freight Pack,788,13.443299999999999
788,Train Sim World® 2: BR Heavy Freight Pack,789,
789,Last Stop,790,23.388299999999997
790,Bus Driver Simulator - Modern City Bus,791,2.9133
791,Train Sim World®: Hauptstrecke Rhein-Ruhr: Duisburg - Bochum,792,29.238299999999995
792,LEGO® Star Wars™: Solo: A Star Wars Story Character Pack,793,2.9133
793,Fishing Sim World®: Pro Tour - Laguna Iquitos,794,10.5183
794,Train Sim World®: East Coastway,795,29.238299999999995
795,Stikbold! A Dodgeball Adventure,796,9.3483
796,Redo!,797,9.3483
797,Snooker Nation Championship,798,11.454299999999998
798,Train Sim World: DB BR 182,799,13.443299999999999
799,Hotshot Racing,800,18.708299999999998
800,Brain in Retro Space Premium Bundle,801,2.9133
801,36 Fragments of Midnight,802,2.9133
802,Him & Her Collection,803,3.8493
803,Train Sim World® 2: Cane Creek: Thompson - Potash,804,29.238299999999995
804,Overcooked! 2 - Too Many Cooks Pack,805,2.9133
805,Euro Fishing: Ultimate Edition,806,43.2783
806,Firefighters: Airport Heroes,807,29.238299999999995
807,Gal*Gun: Double Peace,808,18.708299999999998
808,Freshly Frosted,809,8.646299999999998
809,TABLE TOP RACING: WORLD TOUR - SWAG BAG,810,7.5933
810,Kona,811,14.0283
811,Fishing Sim World®: Pro Tour - Jezioro Bestii,812,10.5183
812,DEMON GAZE EXTRA Digital Premium Edition,813,77.2083
813,Euro Fishing: Le Lac d'or,814,10.5183
814,Warhammer Quest,815,38.5983
815,The Wizard and The Slug PS4 & PS5,816,4.6683
816,Cris Tales,817,40.9383
817,Train Sim World® 2 Starter Bundle - USA Edition,818,38.5983
818,BRAIN BREAKER BEST AVATARS PREMIUM BUNDLE,819,4.6683
819,One Piece Burning Blood - CHARACTER PACK,820,9.3483
820,Arcade Spirits: The New Challengers,821,18.708299999999998
821,Arcade Spirits: The New Challengers,822,18.708299999999998
822,Train Sim World®: Rhein-Ruhr Osten: Wuppertal - Hagen,823,29.238299999999995
823,Touhou Hyouibana　～ Antinomy of Common Flowers.,824,29.238299999999995
824,Everyday Heroes Bundle,825,33.918299999999995
825,Train Sim World®: Ruhr-Sieg Nord,826,29.238299999999995
826,ONE PIECE BURNING BLOOD - GOLD Movie Pack 2,827,5.8383
827,Bad North Portraits Pack,828,3.8493
828,Dragon Ball Xenoverse: Time Travel Edition,829,64.3383
829,Atomicrops: Reap What You Crow,830,3.8493
830,Alwa's Legacy,831,14.0283
831,Train Sim World® 2: Caltrain MP36PH-3C 'Baby Bullet',832,13.443299999999999
832,Train Sim World® 2: Caltrain MP36PH-3C 'Baby Bullet',833,
833,Table Top Racing: Supercharger Pack,834,0.9243
834,ADIOS Amigos: Galactic Explorers,835,11.103299999999999
835,CrossCode: A New Home,836,9.3483
836,Fishing Sim World®: Pro Tour - Trophy Hunter's Equipment Pack,837,5.8383
837,Lethis - Path of Progress,838,18.708299999999998
838,Chernobylite - Autumn Dread Pack,839,3.8493
839,Euro Fishing: Urban Edition,840,23.388299999999997
840,Train Sim World® 2: LIRR M3 EMU,841,13.443299999999999
841,Train Sim World® 2: LIRR M3 EMU,842,
842,[Revival] DOA6 Hot Summer Costume Set,843,18.708299999999998
843,Train Sim World®: Northern Trans-Pennine,844,29.238299999999995
844,Hue,845,14.0283
845,WARTILE,846,18.708299999999998
846,El Hijo - A Wild West Tale,847,18.708299999999998
847,Last Day of June,848,18.708299999999998
848,Paradise Lost,849,14.0283
849,BALAN WONDERWORLD PS4 & PS5,850,40.9383
850,ONE PIECE BURNING BLOOD - Monkey D. Garp (character),851,2.9133
851,Action Henk,852,14.0283
852,Horizon Chase Turbo - Ayrton Senna Edition,853,22.218299999999996
853,Tokyo Dark – Remembrance –,854,17.5383
854,Stranded Sails - Explorers of the Cursed Islands,855,23.388299999999997
855,Stranded Sails: Explorers of the Cursed Islands,856,23.388299999999997
856,Blackberry Honey PS4 & PS5,857,11.6883
857,DOA6 Season Pass 3,858,77.2083
858,DRAGON BALL FighterZ - Super Baby 2,859,4.6683
859,DUNGEON ENCOUNTERS,860,29.238299999999995
860,FINAL FANTASY XV ROYAL PACK,861,14.0283
861,I am Setsuna,862,38.5983
862,Funny Truck,863,0.9243
863,Verdun,864,18.708299999999998
864,BLUE REFLECTION: Season Pass,865,77.2083
865,Island Time VR,866,13.5603
866,Kingdom Two Crowns: Jarl Edition,867,31.578299999999995
867,Beyond Blue,868,18.708299999999998
868,Dead by Daylight: KILLER EXPANSION PACK,869,29.238299999999995
869,Klassic MK Movie Skin Pack,870,5.8383
870,Punch Line,871,40.9383
871,BLACKSAD: Under the Skin,872,40.9383
872,Epic Chef,873,23.388299999999997
873,REMOTE LIFE PS4 & PS5,874,17.5383
874,Umbrella Corps Deluxe Edition,875,17.5383
875,WORLDEND SYNDROME,876,40.9383
876,SnowRunner - Season 3: Locate & Deliver,877,6.774299999999999
877,SnowRunner - Season 3: Locate & Deliver,878,6.774299999999999
878,Power Rangers: Battle for the Grid - Super Edition,879,46.7883
879,Conan Exiles - Seekers of the Dawn Pack,880,9.3483
880,Fuga: Melodies of Steel,881,38.5983
881,Fuga: Melodies of Steel,882,38.5983
882,Wukong,883,9.3483
883,Beyond a Steel Sky,884,40.9383
884,Beyond a Steel Sky,885,40.9383
885,DRAGON QUEST BUILDERS™,886,56.1483
886,Dead Alliance™,887,29.238299999999995
887,The Pedestrian,888,15.1983
888,Rims Racing - European Manufacturers Deluxe Edition,889,63.168299999999995
889,Rims Racing - European Manufacturers Deluxe Edition,890,63.168299999999995
890,"Guns, Gore and Cannoli",891,9.3483
891,SteinsGate 0,892,23.388299999999997
892,Conan Chop Chop,893,18.708299999999998
893,Tennis World Tour - Roland-Garros Edition,894,29.238299999999995
894,Atelier Sophie 2: The Alchemist of the Mysterious Dream Digital Deluxe Edition,895,64.3383
895,Rain World,896,15.1983
896,Complete Your ARK Season Pass,897,
897,A Knight's Quest,898,23.388299999999997
898,BLUE REFLECTION: Second Light Season Pass,899,43.2783
899,FINAL FANTASY XV Season Pass,900,14.0283
900,Word Mesh,901,6.774299999999999
901,Hyper Jam,902,15.1983
902,Hood: Outlaws & Legends,903,18.708299999999998
903,Shining Resonance Refrain,904,29.238299999999995
904,Fantasy General II: Invasion,905,31.578299999999995
905,Alien Invasion,906,4.6683
906,Train Station Renovation,907,14.0283
907,Conan Exiles - Blood and Sand Pack,908,9.3483
908,Constructor Game,909,18.708299999999998
909,Contagion VR: Outbreak,910,14.0283
910,Conan Exiles - Riders of Hyboria Pack,911,9.3483
911,Xeno Crisis,912,17.5383
912,BLUE REFLECTION: Second Light Digital Deluxe Edition,913,70.1883
913,Nex Machina,914,18.708299999999998
914,BPM: Bullets Per Minute,915,23.388299999999997
915,Fishing Sim World: Pro Tour Deluxe Edition,916,23.388299999999997
916,Bassmaster® Fishing 2022: Deluxe Edition PS4™ and PS5™,917,29.238299999999995
917,Rush VR,918,23.388299999999997
918,Réussir : Code de la Route - Nouvelle Édition (French Highway Code),919,29.238299999999995
919,Conan Exiles - Treasures of Turan Pack,920,9.3483
920,MAGLAM LORD Deluxe Edition,921,58.488299999999995
921,Train Sim World® 2: Main Spessart Bahn: Aschaffenburg - Gemünden,922,29.238299999999995
922,Train Sim World® 2: Main Spessart Bahn: Aschaffenburg - Gemünden,923,
923,DRAGON QUEST BUILDERS 2 - Season Pass,924,19.878299999999996
924,SaGa Frontier Remastered,925,23.388299999999997
925,Yoku's Island Express,926,18.708299999999998
926,Pure Pool Snooker Bundle,927,10.869299999999999
927,Angry Birds VR: Isle of Pigs,928,14.0283
928,Owlboy,929,21.048299999999998
929,Summer Vibes,930,1.9772999999999998
930,Dead by Daylight: SURVIVOR EXPANSION PACK,931,29.238299999999995
931,Old Man's Journey,932,9.3483
932,MAGLAM LORD,933,40.9383
933,Brigandine: The Legend of Runersia,934,46.7883
934,Pro Fishing Simulator,935,46.7883
935,Deep Sky Derelicts: Definitive Edition,936,23.388299999999997
936,Marvel vs. Capcom: Infinite Premium Costume Pass,937,29.238299999999995
937,Fell Seal: Arbiter's Mark,938,23.388299999999997
938,Mega Man Legacy Collection 1 & 2 Combo Pack,939,23.388299999999997
939,Extinction,940,29.238299999999995
940,Conan Exiles - The Savage Frontier Pack,941,9.3483
941,Masquerade Skin Pack,942,5.8383
942,Masquerade Skin Pack,943,5.8383
943,Prison Boss VR,944,18.708299999999998
944,LOST SPHEAR,945,46.7883
945,The Wardrobe,946,18.708299999999998
946,V-Rally 4 Ultimate Edition,947,40.9383
947,Shadow Legend VR,948,23.388299999999997
948,Conan Exiles - Jewel of the West Pack,949,9.3483
949,Euro Fishing,950,17.5383
950,Memories of Mars,951,18.708299999999998
951,THE CASINO COLLECTION,952,9.3483
952,Train Sim World® 2: Rush Hour - Boston Sprinter,953,29.238299999999995
953,Train Sim World® 2: Southeastern BR Class 465 EMU,954,13.443299999999999
954,Black Desert - Traveler Item Pack,955,
955,Train Sim World® 2: Rapid Transit,956,29.238299999999995
956,Train Sim World® 2: Rapid Transit,957,
957,Rims Racing - Japanese Manufacturers Deluxe Edition,958,63.168299999999995
958,Rims Racing - Japanese Manufacturers Deluxe Edition,959,63.168299999999995
959,Aeon Must Die!,960,18.708299999999998
960,LEFT ALIVE® DAY ONE EDITION,961,58.488299999999995
961,Super Mega Baseball 3,962,38.5983
962,Conan Exiles - The Riddle of Steel,963,6.774299999999999
963,Q.U.B.E. 2,964,23.388299999999997
964,ROMANCING SAGA 3™,965,32.74829999999999
965,Instant Sports Plus,966,23.388299999999997
966,Instant Sports Plus,967,23.388299999999997
967,Anima: Gate of memories,968,18.708299999999998
968,Yakuza Series Collaboration Pack,969,9.3483
969,Power Rangers: Battle for the Grid - Season Four Pass,970,14.0283
970,Dawn of Fear,971,14.0283
971,Puzzling Places,972,22.218299999999996
972,My Universe - Cooking Star Restaurant,973,40.9383
973,The Surge - Augmented Edition,974,23.388299999999997
974,Kitaria Fables,975,18.708299999999998
975,Draugen,976,18.708299999999998
976,Sunless Skies: Sovereign Edition,977,22.218299999999996
977,Röki,978,18.708299999999998
978,Sparklite,979,23.388299999999997
979,Bubble Shooter FX,980,4.6683
980,Chicken Police – Paint it RED!,981,18.708299999999998
981,Chicken Police – Paint it RED! PS4 & PS5,982,18.708299999999998
982,Wraith: The Oblivion - Afterlife,983,18.708299999999998
983,Genesis Alpha One,984,29.238299999999995
984,Kingdom Two Crowns: Norse Lands Edition,985,23.388299999999997
985,Pixel Ripped 1995,986,18.708299999999998
986,Eternal Radiance,987,16.368299999999998
987,Ashen: Nightstorm Isle,988,9.3483
988,Wattam,989,18.708299999999998
989,Banner of the Maid,990,16.368299999999998
990,West of Dead Path of the Crow Edition,991,19.878299999999996
991,The Guy VR,992,9.3483
992,A Memoir Blue,993,8.424
993,Murder House,994,11.103299999999999
994,Harvest Life,995,23.388299999999997
995,Harvest Life,996,29.238299999999995
996,Conan Exiles - The Imperial East Pack,997,9.3483
997,Tannenberg,998,18.708299999999998
998,Manual Samuel,999,9.3483
999,The Lord of the Rings: Adventure Card Game Definitive Edition,1000,18.708299999999998
